Generation,ID,fitness,max Fitness,mean fitness
1,1,0.8,0,0
1,2,0.9,0,0
1,3,67.8,0,0
1,4,43.3,0,0
1,5,0.0,0,0
1,6,31.3,0,0
1,7,56.400000000000006,0,0
1,8,0.0,0,0
1,9,0.5,0,0
1,10,0.0,0,0
1,0,0,67.8,20.1
2,3,60.59999999999999,0,0
2,7,48.7,0,0
2,11,48.40000000000001,0,0
2,12,60.199999999999996,0,0
2,13,35.9,0,0
2,14,58.800000000000004,0,0
2,15,63.50000000000001,0,0
2,16,59.1,0,0
2,17,63.00000000000001,0,0
2,18,330.7,0,0
2,0,0,330.7,82.89
3,18,167.6,0,0
3,15,66.9,0,0
3,19,9.7,0,0
3,20,0.7000000000000006,0,0
3,21,54.099999999999994,0,0
3,22,59.6,0,0
3,23,342.2000000000001,0,0
3,24,67.60000000000001,0,0
3,25,40.60000000000001,0,0
3,26,0.0,0,0
3,0,0,342.2000000000001,80.90000000000002
4,23,218.2,0,0
4,18,158.59999999999994,0,0
4,27,38.30000000000001,0,0
4,28,0.8,0,0
4,29,261.1,0,0
4,30,48.8,0,0
4,31,50.4,0,0
4,32,0.5,0,0
4,33,157.4,0,0
4,34,55.000000000000014,0,0
4,0,0,261.1,98.91
5,29,258.80000000000007,0,0
5,23,177.9,0,0
5,35,389.3000000000001,0,0
5,36,26.8,0,0
5,37,0.0,0,0
5,38,58.00000000000001,0,0
5,39,0.8,0,0
5,40,61.60000000000001,0,0
5,41,58.000000000000014,0,0
5,42,0.9,0,0
5,0,0,389.3000000000001,103.21000000000004
6,35,137.20000000000002,0,0
6,29,186.99999999999997,0,0
6,43,322.40000000000003,0,0
6,44,0.9,0,0
6,45,277.70000000000005,0,0
6,46,60.60000000000001,0,0
6,47,0.9,0,0
6,48,38.1,0,0
6,49,43.599999999999994,0,0
6,50,47.20000000000002,0,0
6,0,0,322.40000000000003,111.55999999999999
7,43,240.70000000000005,0,0
7,45,269.60000000000014,0,0
7,51,398.9000000000001,0,0
7,52,234.60000000000005,0,0
7,53,234.50000000000003,0,0
7,54,57.39999999999999,0,0
7,55,0.8,0,0
7,56,0.8,0,0
7,57,57.10000000000001,0,0
7,58,0.8,0,0
7,0,0,398.9000000000001,149.52000000000004
8,51,235.80000000000004,0,0
8,45,240.89999999999998,0,0
8,59,83.6,0,0
8,60,57.79999999999999,0,0
8,61,241.20000000000005,0,0
8,62,56.300000000000026,0,0
8,63,139.90000000000003,0,0
8,64,0.8,0,0
8,65,183.50000000000003,0,0
8,66,400.70000000000005,0,0
8,0,0,400.70000000000005,164.05
9,66,342.3999999999999,0,0
9,61,536.1,0,0
9,67,0.8,0,0
9,68,370.0999999999998,0,0
9,69,435.69999999999993,0,0
9,70,141.10000000000005,0,0
9,71,150.70000000000002,0,0
9,72,172.70000000000002,0,0
9,73,213.60000000000002,0,0
9,74,151.10000000000002,0,0
9,0,0,536.1,251.42999999999992
10,61,476.60000000000014,0,0
10,69,234.89999999999995,0,0
10,75,58.9,0,0
10,76,207.79999999999998,0,0
10,77,348.9000000000001,0,0
10,78,226.79999999999998,0,0
10,79,58.10000000000002,0,0
10,80,138.89999999999998,0,0
10,81,271.80000000000007,0,0
10,82,147.5,0,0
10,0,0,476.60000000000014,217.02000000000004
11,61,512.1000000000001,0,0
11,77,106.60000000000001,0,0
11,83,0.0,0,0
11,84,454.49999999999994,0,0
11,85,127.80000000000001,0,0
11,86,32.199999999999996,0,0
11,87,45.0,0,0
11,88,308.6,0,0
11,89,0.8,0,0
11,90,56.5,0,0
11,0,0,512.1000000000001,164.41000000000003
12,61,492.20000000000016,0,0
12,84,262.79999999999995,0,0
12,91,61.70000000000002,0,0
12,92,243.20000000000005,0,0
12,93,475.30000000000007,0,0
12,94,57.199999999999996,0,0
12,95,58.39999999999999,0,0
12,96,283.7000000000001,0,0
12,97,292.19999999999993,0,0
12,98,251.90000000000003,0,0
12,0,0,492.20000000000016,247.86000000000004
13,61,601.8000000000002,0,0
13,93,252.19999999999993,0,0
13,99,201.89999999999998,0,0
13,100,126.00000000000001,0,0
13,101,379.8000000000001,0,0
13,102,204.99999999999997,0,0
13,103,69.30000000000001,0,0
13,104,55.800000000000004,0,0
13,105,58.900000000000006,0,0
13,106,222.80000000000004,0,0
13,0,0,601.8000000000002,217.35000000000005
14,61,493.2,0,0
14,101,592.2,0,0
14,107,52.900000000000006,0,0
14,108,505.50000000000006,0,0
14,109,59.699999999999996,0,0
14,110,130.8,0,0
14,111,553.3000000000003,0,0
14,112,239.5000000000001,0,0
14,113,144.99999999999991,0,0
14,114,117.2,0,0
14,0,0,592.2,288.93
15,101,591.6,0,0
15,111,557.5000000000001,0,0
15,115,100.8,0,0
15,116,52.2,0,0
15,117,302.3000000000001,0,0
15,118,150.70000000000002,0,0
15,119,242.79999999999993,0,0
15,120,159.20000000000005,0,0
15,121,473.6,0,0
15,122,58.499999999999986,0,0
15,0,0,591.6,268.92
16,101,490.0000000000001,0,0
16,111,598.2000000000002,0,0
16,123,48.4,0,0
16,124,63.300000000000004,0,0
16,125,651.5000000000002,0,0
16,126,357.4000000000001,0,0
16,127,333.3000000000001,0,0
16,128,146.8,0,0
16,129,107.70000000000003,0,0
16,130,67.0,0,0
16,0,0,651.5000000000002,286.36000000000007
17,125,185.30000000000152,0,0
17,111,498.10000000000014,0,0
17,131,128.7,0,0
17,132,24.8,0,0
17,133,57.8,0,0
17,134,0.9,0,0
17,135,59.40000000000001,0,0
17,136,124.99999999999999,0,0
17,137,0.8,0,0
17,138,45.2,0,0
17,0,0,498.10000000000014,112.60000000000016
18,111,328.4000000000001,0,0
18,125,235.19999999999996,0,0
18,139,273.59999999999997,0,0
18,140,251.0,0,0
18,141,306.90000000000003,0,0
18,142,356.10000000000014,0,0
18,143,64.5,0,0
18,144,212.2,0,0
18,145,109.90000000000002,0,0
18,146,53.60000000000001,0,0
18,0,0,356.10000000000014,219.14000000000001
19,142,176.19999999999996,0,0
19,111,513.2000000000003,0,0
19,147,325.4000000000001,0,0
19,148,53.400000000000006,0,0
19,149,57.00000000000001,0,0
19,150,111.59999999999998,0,0
19,151,194.80000000000007,0,0
19,152,59.400000000000006,0,0
19,153,106.8,0,0
19,154,498.50000000000006,0,0
19,0,0,513.2000000000003,209.63000000000005
20,111,344.0,0,0
20,154,386.30000000000007,0,0
20,155,59.20000000000001,0,0
20,156,76.3,0,0
20,157,408.39999999999986,0,0
20,158,112.0,0,0
20,159,135.29999999999998,0,0
20,160,187.9,0,0
20,161,56.600000000000016,0,0
20,162,128.3,0,0
20,0,0,408.39999999999986,189.42999999999998
21,157,139.7,0,0
21,154,143.4,0,0
21,163,300.1000000000001,0,0
21,164,280.1,0,0
21,165,327.3000000000002,0,0
21,166,54.20000000000001,0,0
21,167,903.2000000000006,0,0
21,168,397.6999999999997,0,0
21,169,91.7,0,0
21,170,393.4,0,0
21,0,0,903.2000000000006,303.08000000000004
22,167,551.9000000000001,0,0
22,168,389.40000000000015,0,0
22,171,55.40000000000002,0,0
22,172,116.5,0,0
22,173,77.3,0,0
22,174,226.40000000000003,0,0
22,175,70.2,0,0
22,176,30.200000000000003,0,0
22,177,541.0000000000003,0,0
22,178,377.29999999999984,0,0
22,0,0,551.9000000000001,243.56000000000003
23,167,525.9000000000002,0,0
23,177,448.70000000000016,0,0
23,179,442.79999999999995,0,0
23,180,463.4999999999997,0,0
23,181,828.5000000000002,0,0
23,182,936.5999999999995,0,0
23,183,492.4000000000002,0,0
23,184,0.0,0,0
23,185,387.19999999999993,0,0
23,186,63.400000000000006,0,0
23,0,0,936.5999999999995,458.9
24,182,464.89999999999975,0,0
24,181,128.3,0,0
24,187,437.79999999999995,0,0
24,188,332.9000000000001,0,0
24,189,407.0999999999999,0,0
24,190,137.59999999999997,0,0
24,191,162.0,0,0
24,192,104.5,0,0
24,193,105.10000000000001,0,0
24,194,428.8999999999998,0,0
24,0,0,464.89999999999975,270.9099999999999
25,182,374.2,0,0
25,187,425.70000000000005,0,0
25,195,405.59999999999997,0,0
25,196,451.6999999999998,0,0
25,197,61.50000000000002,0,0
25,198,365.09999999999997,0,0
25,199,795.3000000000003,0,0
25,200,417.8999999999998,0,0
25,201,373.0999999999999,0,0
25,202,450.2999999999998,0,0
25,0,0,795.3000000000003,412.03999999999996
26,199,332.7000000000001,0,0
26,196,932.6,0,0
26,203,115.8,0,0
26,204,213.70000000000002,0,0
26,205,378.00000000000006,0,0
26,206,257.8,0,0
26,207,49.4,0,0
26,208,292.3,0,0
26,209,353.69999999999993,0,0
26,210,89.4,0,0
26,0,0,932.6,301.5400000000001
27,196,217.49999999999986,0,0
27,205,139.09999999999997,0,0
27,211,440.7,0,0
27,212,118.0,0,0
27,213,333.9,0,0
27,214,395.1,0,0
27,215,375.79999999999984,0,0
27,216,750.6999999999995,0,0
27,217,345.40000000000015,0,0
27,218,590.6999999999998,0,0
27,0,0,750.6999999999995,370.6899999999999
28,216,581.5,0,0
28,218,148.7,0,0
28,219,105.00000000000001,0,0
28,220,525.3000000000002,0,0
28,221,551.4000000000001,0,0
28,222,421.3999999999999,0,0
28,223,565.0999999999999,0,0
28,224,845.8000000000003,0,0
28,225,469.59999999999985,0,0
28,226,830.4000000000005,0,0
28,0,0,845.8000000000003,504.4200000000001
29,224,591.6,0,0
29,226,443.00000000000006,0,0
29,227,353.6000000000001,0,0
29,228,382.7000000000001,0,0
29,229,131.3,0,0
29,230,106.5,0,0
29,231,347.59999999999997,0,0
29,232,566.0999999999998,0,0
29,233,351.2,0,0
29,234,390.99999999999994,0,0
29,0,0,591.6,366.46
30,224,646.6999999999999,0,0
30,232,341.50000000000017,0,0
30,235,408.5,0,0
30,236,55.4,0,0
30,237,368.09999999999997,0,0
30,238,505.2,0,0
30,239,261.50000000000006,0,0
30,240,221.29999999999995,0,0
30,241,377.9000000000001,0,0
30,242,62.300000000000004,0,0
30,0,0,646.6999999999999,324.84000000000003
31,224,483.79999999999995,0,0
31,238,705.9,0,0
31,243,402.7000000000003,0,0
31,244,431.6999999999999,0,0
31,245,427.0,0,0
31,246,1333.7000000000005,0,0
31,247,455.4000000000001,0,0
31,248,410.0999999999998,0,0
31,249,63.20000000000002,0,0
31,250,302.5999999999999,0,0
31,0,0,1333.7000000000005,501.61
32,246,537.8000000000001,0,0
32,238,330.1,0,0
32,251,185.8,0,0
32,252,422.6999999999999,0,0
32,253,416.8999999999999,0,0
32,254,578.6000000000003,0,0
32,255,297.9999999999999,0,0
32,256,128.5,0,0
32,257,424.89999999999986,0,0
32,258,407.09999999999997,0,0
32,0,0,578.6000000000003,373.04
33,254,521.7,0,0
33,246,313.5999999999998,0,0
33,259,357.50000000000006,0,0
33,260,361.7,0,0
33,261,314.80000000000007,0,0
33,262,433.4000000000001,0,0
33,263,125.49999999999997,0,0
33,264,438.3000000000002,0,0
33,265,437.1000000000001,0,0
33,266,151.0,0,0
33,0,0,521.7,345.46000000000004
34,254,325.1000000000001,0,0
34,264,109.9,0,0
34,267,222.69999999999993,0,0
34,268,97.6,0,0
34,269,413.50000000000006,0,0
34,270,108.69999999999999,0,0
34,271,108.50000000000001,0,0
34,272,431.40000000000003,0,0
34,273,225.00000000000003,0,0
34,274,410.6000000000001,0,0
34,0,0,431.40000000000003,245.30000000000004
35,272,412.9,0,0
35,269,408.99999999999994,0,0
35,275,1044.5999999999992,0,0
35,276,433.4000000000001,0,0
35,277,146.70000000000007,0,0
35,278,48.4,0,0
35,279,271.29999999999995,0,0
35,280,0.0,0,0
35,281,110.30000000000001,0,0
35,282,111.4,0,0
35,0,0,1044.5999999999992,298.79999999999995
36,275,387.3999999999999,0,0
36,276,416.5,0,0
36,283,316.69999999999993,0,0
36,284,419.9000000000001,0,0
36,285,428.9999999999999,0,0
36,286,348.9,0,0
36,287,417.9999999999999,0,0
36,288,424.3999999999999,0,0
36,289,296.2000000000001,0,0
36,290,755.7000000000005,0,0
36,0,0,755.7000000000005,421.2700000000001
37,290,116.9,0,0
37,285,432.19999999999993,0,0
37,291,298.4,0,0
37,292,420.80000000000007,0,0
37,293,263.80000000000007,0,0
37,294,173.7,0,0
37,295,383.30000000000007,0,0
37,296,420.4,0,0
37,297,418.8999999999999,0,0
37,298,52.400000000000006,0,0
37,0,0,432.19999999999993,298.08000000000004
38,285,412.9,0,0
38,292,416.7,0,0
38,299,405.29999999999984,0,0
38,300,258.2,0,0
38,301,407.29999999999995,0,0
38,302,224.60000000000002,0,0
38,303,87.49999999999999,0,0
38,304,284.70000000000005,0,0
38,305,314.7,0,0
38,306,352.20000000000005,0,0
38,0,0,416.7,316.40999999999997
39,292,412.7999999999999,0,0
39,285,428.7,0,0
39,307,429.79999999999995,0,0
39,308,211.8,0,0
39,309,416.00000000000017,0,0
39,310,313.69999999999993,0,0
39,311,423.7999999999999,0,0
39,312,283.3,0,0
39,313,274.2000000000001,0,0
39,314,355.40000000000003,0,0
39,0,0,429.79999999999995,354.95
40,307,421.5,0,0
40,285,382.29999999999995,0,0
40,315,357.90000000000003,0,0
40,316,387.1,0,0
40,317,398.9,0,0
40,318,422.5999999999998,0,0
40,319,378.9,0,0
40,320,310.50000000000006,0,0
40,321,426.7,0,0
40,322,419.09999999999997,0,0
40,0,0,426.7,390.55
41,321,446.9,0,0
41,318,421.1999999999999,0,0
41,323,419.6,0,0
41,324,444.0,0,0
41,325,704.1000000000003,0,0
41,326,112.49999999999997,0,0
41,327,414.50000000000006,0,0
41,328,396.70000000000033,0,0
41,329,397.1999999999999,0,0
41,330,418.00000000000006,0,0
41,0,0,704.1000000000003,417.4700000000001
42,325,599.3999999999997,0,0
42,321,402.3,0,0
42,331,521.3,0,0
42,332,433.8,0,0
42,333,372.9000000000001,0,0
42,334,391.2,0,0
42,335,401.4,0,0
42,336,240.70000000000007,0,0
42,337,491.40000000000003,0,0
42,338,119.0,0,0
42,0,0,599.3999999999997,397.34000000000003
43,325,614.6000000000004,0,0
43,331,480.49999999999994,0,0
43,339,343.60000000000014,0,0
43,340,324.9999999999999,0,0
43,341,441.3,0,0
43,342,241.39999999999998,0,0
43,343,317.1999999999997,0,0
43,344,100.80000000000001,0,0
43,345,339.30000000000007,0,0
43,346,426.00000000000006,0,0
43,0,0,614.6000000000004,362.9700000000001
44,325,591.2000000000002,0,0
44,331,524.5000000000002,0,0
44,347,424.1999999999999,0,0
44,348,113.29999999999998,0,0
44,349,240.3000000000001,0,0
44,350,655.7999999999998,0,0
44,351,212.50000000000006,0,0
44,352,446.7,0,0
44,353,327.50000000000006,0,0
44,354,356.9,0,0
44,0,0,655.7999999999998,389.29
45,350,625.0999999999998,0,0
45,325,621.4999999999999,0,0
45,355,61.30000000000002,0,0
45,356,415.4999999999999,0,0
45,357,607.1999999999999,0,0
45,358,742.3999999999999,0,0
45,359,426.69999999999993,0,0
45,360,547.0999999999999,0,0
45,361,447.9000000000001,0,0
45,362,409.40000000000003,0,0
45,0,0,742.3999999999999,490.40999999999985
46,358,389.1,0,0
46,350,618.6000000000004,0,0
46,363,592.5,0,0
46,364,437.5,0,0
46,365,335.3999999999998,0,0
46,366,428.49999999999994,0,0
46,367,579.1,0,0
46,368,679.1000000000001,0,0
46,369,545.0,0,0
46,370,117.6,0,0
46,0,0,679.1000000000001,472.24000000000007
47,368,618.9,0,0
47,350,429.0,0,0
47,371,68.39999999999999,0,0
47,372,354.1000000000002,0,0
47,373,412.4,0,0
47,374,441.1999999999998,0,0
47,375,324.2,0,0
47,376,550.2000000000002,0,0
47,377,0.8,0,0
47,378,128.9,0,0
47,0,0,618.9,332.81000000000006
48,368,808.6999999999997,0,0
48,376,562.6,0,0
48,379,345.3,0,0
48,380,116.09999999999998,0,0
48,381,519.1000000000001,0,0
48,382,563.5999999999998,0,0
48,383,312.09999999999997,0,0
48,384,317.1000000000001,0,0
48,385,162.7000000000001,0,0
48,386,124.10000000000001,0,0
48,0,0,808.6999999999997,383.14
49,368,388.10000000000014,0,0
49,382,475.79999999999995,0,0
49,387,542.1000000000003,0,0
49,388,589.8000000000002,0,0
49,389,829.3999999999999,0,0
49,390,547.1000000000003,0,0
49,391,340.90000000000015,0,0
49,392,564.1,0,0
49,393,60.60000000000001,0,0
49,394,9.200000000000001,0,0
49,0,0,829.3999999999999,434.71000000000015
50,389,382.9000000000001,0,0
50,388,179.4,0,0
50,395,101.49999999999997,0,0
50,396,467.80000000000007,0,0
50,397,329.8999999999999,0,0
50,398,351.9,0,0
50,399,4.199999999999999,0,0
50,400,328.50000000000006,0,0
50,401,532.0999999999998,0,0
50,402,7.3,0,0
50,0,0,532.0999999999998,268.55000000000007
51,401,122.6,0,0
51,396,321.79999999999995,0,0
51,403,56.300000000000004,0,0
51,404,59.40000000000002,0,0
51,405,118.10000000000001,0,0
51,406,301.9000000000001,0,0
51,407,36.199999999999996,0,0
51,408,336.0999999999999,0,0
51,409,34.8,0,0
51,410,352.3000000000001,0,0
51,0,0,352.3000000000001,173.95000000000002
52,410,136.2,0,0
52,408,124.50000000000001,0,0
52,411,116.39999999999999,0,0
52,412,306.70000000000005,0,0
52,413,425.49999999999983,0,0
52,414,372.1999999999999,0,0
52,415,0.0,0,0
52,416,0.0,0,0
52,417,236.10000000000002,0,0
52,418,205.7,0,0
52,0,0,425.49999999999983,192.32999999999996
53,413,415.6,0,0
53,414,400.39999999999975,0,0
53,419,388.40000000000003,0,0
53,420,406.9999999999998,0,0
53,421,399.3000000000001,0,0
53,422,47.800000000000004,0,0
53,423,260.40000000000003,0,0
53,424,100.09999999999998,0,0
53,425,0.0,0,0
53,426,443.9999999999999,0,0
53,0,0,443.9999999999999,286.3
54,426,401.7999999999997,0,0
54,413,397.19999999999993,0,0
54,427,544.5000000000002,0,0
54,428,349.5999999999999,0,0
54,429,427.6999999999998,0,0
54,430,0.0,0,0
54,431,426.7999999999999,0,0
54,432,121.6,0,0
54,433,419.9000000000001,0,0
54,434,300.00000000000006,0,0
54,0,0,544.5000000000002,338.90999999999997
55,427,1084.3000000000002,0,0
55,429,416.2999999999999,0,0
55,435,418.00000000000006,0,0
55,436,485.5,0,0
55,437,1.399999999999996,0,0
55,438,663.4999999999998,0,0
55,439,0.0,0,0
55,440,364.90000000000003,0,0
55,441,406.69999999999993,0,0
55,442,157.8,0,0
55,0,0,1084.3000000000002,399.84000000000003
56,427,657.2000000000003,0,0
56,438,749.4,0,0
56,443,549.5000000000002,0,0
56,444,416.79999999999995,0,0
56,445,443.9000000000001,0,0
56,446,376.90000000000015,0,0
56,447,251.8,0,0
56,448,364.5,0,0
56,449,422.70000000000005,0,0
56,450,413.70000000000005,0,0
56,0,0,749.4,464.64000000000004
57,438,715.1999999999995,0,0
57,427,533.5999999999999,0,0
57,451,8.200000000000001,0,0
57,452,131.30000000000004,0,0
57,453,371.30000000000007,0,0
57,454,15.0,0,0
57,455,359.2000000000001,0,0
57,456,331.8999999999999,0,0
57,457,422.39999999999986,0,0
57,458,263.1,0,0
57,0,0,715.1999999999995,315.11999999999995
58,438,849.4999999999992,0,0
58,427,542.0999999999998,0,0
58,459,378.5999999999996,0,0
58,460,323.4999999999999,0,0
58,461,8.8,0,0
58,462,424.50000000000006,0,0
58,463,428.6000000000001,0,0
58,464,16.799999999999997,0,0
58,465,166.69999999999996,0,0
58,466,339.7000000000001,0,0
58,0,0,849.4999999999992,347.8799999999999
59,438,434.50000000000006,0,0
59,427,985.1,0,0
59,467,211.6999999999999,0,0
59,468,0.0,0,0
59,469,479.9999999999998,0,0
59,470,412.7,0,0
59,471,379.7,0,0
59,472,427.3999999999999,0,0
59,473,0.0,0,0
59,474,479.8999999999999,0,0
59,0,0,985.1,381.09999999999997
60,427,1021.4999999999997,0,0
60,469,384.69999999999993,0,0
60,475,0.0,0,0
60,476,260.59999999999997,0,0
60,477,388.6000000000001,0,0
60,478,0.0,0,0
60,479,87.9,0,0
60,480,492.79999999999995,0,0
60,481,413.6,0,0
60,482,422.3000000000001,0,0
60,0,0,1021.4999999999997,347.19999999999993
61,427,1033.5999999999997,0,0
61,480,496.79999999999995,0,0
61,483,0.0,0,0
61,484,418.3,0,0
61,485,402.6,0,0
61,486,39.39999999999999,0,0
61,487,217.00000000000003,0,0
61,488,125.00000000000003,0,0
61,489,60.60000000000001,0,0
61,490,553.4000000000001,0,0
61,0,0,1033.5999999999997,334.66999999999996
62,427,1037.0000000000002,0,0
62,490,478.9,0,0
62,491,89.19999999999999,0,0
62,492,538.7999999999998,0,0
62,493,0.0,0,0
62,494,648.5000000000003,0,0
62,495,64.90000000000002,0,0
62,496,242.7,0,0
62,497,56.30000000000001,0,0
62,498,373.00000000000017,0,0
62,0,0,1037.0000000000002,352.93000000000006
63,427,1022.0000000000001,0,0
63,494,293.2000000000001,0,0
63,499,73.60000000000001,0,0
63,500,431.3999999999999,0,0
63,501,343.69999999999993,0,0
63,502,56.300000000000004,0,0
63,503,419.1000000000001,0,0
63,504,28.6,0,0
63,505,173.40000000000003,0,0
63,506,415.29999999999984,0,0
63,0,0,1022.0000000000001,325.65999999999997
64,427,1061.1999999999996,0,0
64,500,426.20000000000005,0,0
64,507,10.0,0,0
64,508,220.70000000000002,0,0
64,509,117.79999999999998,0,0
64,510,427.40000000000003,0,0
64,511,495.40000000000003,0,0
64,512,487.5,0,0
64,513,368.80000000000007,0,0
64,514,433.3999999999999,0,0
64,0,0,1061.1999999999996,404.84000000000003
65,427,643.0999999999999,0,0
65,511,408.2,0,0
65,515,126.20000000000002,0,0
65,516,401.6,0,0
65,517,319.0999999999999,0,0
65,518,258.30000000000007,0,0
65,519,0.0,0,0
65,520,9.400000000000002,0,0
65,521,398.6999999999999,0,0
65,522,144.50000000000003,0,0
65,0,0,643.0999999999999,270.90999999999997
66,427,1089.9999999999993,0,0
66,511,149.39999999999998,0,0
66,523,156.60000000000005,0,0
66,524,64.6,0,0
66,525,119.39999999999998,0,0
66,526,196.10000000000002,0,0
66,527,62.90000000000001,0,0
66,528,506.7999999999998,0,0
66,529,423.3,0,0
66,530,788.6999999999998,0,0
66,0,0,1089.9999999999993,355.77999999999986
67,427,1061.4000000000008,0,0
67,530,393.0999999999999,0,0
67,531,357.3999999999999,0,0
67,532,438.2999999999999,0,0
67,533,353.90000000000003,0,0
67,534,445.90000000000003,0,0
67,535,343.19999999999993,0,0
67,536,242.40000000000003,0,0
67,537,161.6,0,0
67,538,631.8999999999997,0,0
67,0,0,1061.4000000000008,442.91
68,427,398.1999999999998,0,0
68,538,384.4,0,0
68,539,380.1,0,0
68,540,437.0,0,0
68,541,141.99999999999997,0,0
68,542,0.0,0,0
68,543,104.40000000000003,0,0
68,544,374.5000000000001,0,0
68,545,385.30000000000007,0,0
68,546,361.90000000000003,0,0
68,0,0,437.0,296.78000000000003
69,540,422.9,0,0
69,427,1022.4,0,0
69,547,533.3000000000002,0,0
69,548,407.7,0,0
69,549,57.900000000000006,0,0
69,550,409.0000000000001,0,0
69,551,426.2999999999999,0,0
69,552,340.9000000000002,0,0
69,553,404.3,0,0
69,554,412.39999999999986,0,0
69,0,0,1022.4,443.71000000000004
70,427,422.49999999999983,0,0
70,547,383.29999999999995,0,0
70,555,10.200000000000001,0,0
70,556,274.5,0,0
70,557,281.50000000000006,0,0
70,558,420.0000000000001,0,0
70,559,409.0000000000001,0,0
70,560,565.2999999999998,0,0
70,561,373.8999999999998,0,0
70,562,426.80000000000007,0,0
70,0,0,565.2999999999998,356.69999999999993
71,560,281.9,0,0
71,562,424.80000000000007,0,0
71,563,0.5,0,0
71,564,265.79999999999995,0,0
71,565,225.0999999999999,0,0
71,566,336.9,0,0
71,567,530.8,0,0
71,568,155.6,0,0
71,569,407.80000000000024,0,0
71,570,98.20000000000002,0,0
71,0,0,530.8,272.74
72,567,460.59999999999985,0,0
72,562,423.7,0,0
72,571,328.49999999999994,0,0
72,572,357.6000000000002,0,0
72,573,0.9999999999999991,0,0
72,574,374.90000000000003,0,0
72,575,127.1,0,0
72,576,49.199999999999996,0,0
72,577,383.1,0,0
72,578,404.70000000000005,0,0
72,0,0,460.59999999999985,291.03999999999996
73,567,432.29999999999995,0,0
73,562,442.00000000000006,0,0
73,579,944.7999999999997,0,0
73,580,984.1999999999998,0,0
73,581,413.29999999999995,0,0
73,582,369.29999999999995,0,0
73,583,423.09999999999997,0,0
73,584,54.800000000000004,0,0
73,585,416.0999999999999,0,0
73,586,418.9000000000001,0,0
73,0,0,984.1999999999998,489.87999999999994
74,580,646.4,0,0
74,579,395.2,0,0
74,587,60.30000000000001,0,0
74,588,11.1,0,0
74,589,375.79999999999995,0,0
74,590,334.70000000000005,0,0
74,591,513.0,0,0
74,592,687.3,0,0
74,593,312.40000000000003,0,0
74,594,352.6000000000001,0,0
74,0,0,687.3,368.88
75,592,232.09999999999997,0,0
75,580,904.5999999999997,0,0
75,595,406.8999999999999,0,0
75,596,404.7000000000001,0,0
75,597,162.79999999999998,0,0
75,598,132.6,0,0
75,599,330.90000000000003,0,0
75,600,539.8,0,0
75,601,301.4,0,0
75,602,392.20000000000005,0,0
75,0,0,904.5999999999997,380.8
76,580,589.9000000000002,0,0
76,600,359.60000000000014,0,0
76,603,121.7,0,0
76,604,407.0999999999999,0,0
76,605,110.70000000000002,0,0
76,606,656.0000000000002,0,0
76,607,418.3,0,0
76,608,256.2999999999999,0,0
76,609,233.0,0,0
76,610,54.10000000000001,0,0
76,0,0,656.0000000000002,320.67
77,606,263.49999999999994,0,0
77,580,550.5,0,0
77,611,402.09999999999985,0,0
77,612,282.00000000000006,0,0
77,613,309.69999999999993,0,0
77,614,369.7000000000001,0,0
77,615,447.2000000000001,0,0
77,616,269.20000000000005,0,0
77,617,340.10000000000025,0,0
77,618,60.199999999999996,0,0
77,0,0,550.5,329.4200000000001
78,580,872.6999999999998,0,0
78,615,459.2999999999999,0,0
78,619,119.2,0,0
78,620,198.5,0,0
78,621,382.7,0,0
78,622,429.7999999999999,0,0
78,623,993.2000000000004,0,0
78,624,419.4,0,0
78,625,393.29999999999995,0,0
78,626,411.2000000000001,0,0
78,0,0,993.2000000000004,467.93
79,623,395.0000000000001,0,0
79,580,603.0999999999999,0,0
79,627,419.49999999999994,0,0
79,628,413.40000000000003,0,0
79,629,128.10000000000002,0,0
79,630,118.9,0,0
79,631,63.00000000000001,0,0
79,632,403.40000000000015,0,0
79,633,36.3,0,0
79,634,436.50000000000006,0,0
79,0,0,603.0999999999999,301.72
80,580,574.2,0,0
80,634,381.8999999999999,0,0
80,635,200.9,0,0
80,636,64.0,0,0
80,637,191.2,0,0
80,638,121.99999999999999,0,0
80,639,122.00000000000001,0,0
80,640,239.19999999999987,0,0
80,641,62.40000000000001,0,0
80,642,428.3999999999999,0,0
80,0,0,574.2,238.61999999999998
81,580,603.1999999999999,0,0
81,642,397.80000000000007,0,0
81,643,330.1999999999999,0,0
81,644,0.0,0,0
81,645,153.4,0,0
81,646,408.20000000000005,0,0
81,647,99.2,0,0
81,648,356.69999999999976,0,0
81,649,364.0,0,0
81,650,394.6,0,0
81,0,0,603.1999999999999,310.72999999999996
82,580,1005.3000000000005,0,0
82,646,417.4000000000001,0,0
82,651,404.49999999999994,0,0
82,652,63.2,0,0
82,653,414.09999999999997,0,0
82,654,395.50000000000006,0,0
82,655,183.9,0,0
82,656,64.7,0,0
82,657,425.59999999999985,0,0
82,658,406.5,0,0
82,0,0,1005.3000000000005,378.07000000000005
83,580,593.2999999999998,0,0
83,657,418.19999999999993,0,0
83,659,240.00000000000009,0,0
83,660,426.19999999999976,0,0
83,661,424.79999999999995,0,0
83,662,124.3,0,0
83,663,130.4,0,0
83,664,59.19999999999999,0,0
83,665,419.7999999999999,0,0
83,666,404.2000000000002,0,0
83,0,0,593.2999999999998,324.03999999999996
84,580,534.7999999999998,0,0
84,660,420.8999999999999,0,0
84,667,930.2999999999997,0,0
84,668,288.0,0,0
84,669,1359.4000000000008,0,0
84,670,394.59999999999985,0,0
84,671,398.8,0,0
84,672,460.7999999999997,0,0
84,673,409.3999999999999,0,0
84,674,435.4999999999999,0,0
84,0,0,1359.4000000000008,563.25
85,669,613.1000000000004,0,0
85,667,1015.4,0,0
85,675,204.09999999999994,0,0
85,676,426.1999999999998,0,0
85,677,423.59999999999985,0,0
85,678,30.4,0,0
85,679,478.20000000000016,0,0
85,680,415.0999999999999,0,0
85,681,154.1,0,0
85,682,367.9,0,0
85,0,0,1015.4,412.81000000000006
86,667,388.0,0,0
86,669,567.0999999999999,0,0
86,683,724.4999999999995,0,0
86,684,287.99999999999994,0,0
86,685,135.3,0,0
86,686,34.2,0,0
86,687,418.5,0,0
86,688,8.399999999999999,0,0
86,689,63.9,0,0
86,690,13.9,0,0
86,0,0,724.4999999999995,264.17999999999995
87,683,385.3,0,0
87,669,1281.1999999999998,0,0
87,691,115.50000000000001,0,0
87,692,96.50000000000001,0,0
87,693,460.3,0,0
87,694,11.899999999999999,0,0
87,695,301.8,0,0
87,696,0.0,0,0
87,697,461.2,0,0
87,698,480.80000000000007,0,0
87,0,0,1281.1999999999998,359.45
88,669,593.6000000000001,0,0
88,698,279.2999999999999,0,0
88,699,395.6,0,0
88,700,0.0,0,0
88,701,0.8000000000000008,0,0
88,702,186.70000000000005,0,0
88,703,30.7,0,0
88,704,123.10000000000002,0,0
88,705,604.8,0,0
88,706,264.9,0,0
88,0,0,604.8,247.95000000000005
89,705,612.8,0,0
89,669,1086.9999999999995,0,0
89,707,610.8999999999996,0,0
89,708,513.3999999999999,0,0
89,709,587.9999999999999,0,0
89,710,418.99999999999994,0,0
89,711,189.39999999999995,0,0
89,712,346.39999999999986,0,0
89,713,65.3,0,0
89,714,208.40000000000006,0,0
89,0,0,1086.9999999999995,464.05999999999983
90,669,518.7,0,0
90,705,579.8,0,0
90,715,58.99999999999999,0,0
90,716,10.500000000000002,0,0
90,717,11.299999999999999,0,0
90,718,297.5,0,0
90,719,242.09999999999994,0,0
90,720,412.8000000000001,0,0
90,721,455.50000000000006,0,0
90,722,414.59999999999985,0,0
90,0,0,579.8,300.17999999999995
91,705,584.0000000000002,0,0
91,669,561.2999999999997,0,0
91,723,341.7999999999999,0,0
91,724,59.8,0,0
91,725,257.50000000000006,0,0
91,726,39.0,0,0
91,727,268.90000000000003,0,0
91,728,208.60000000000002,0,0
91,729,486.40000000000015,0,0
91,730,392.5,0,0
91,0,0,584.0000000000002,319.97999999999996
92,705,582.6,0,0
92,669,1349.2,0,0
92,731,331.6000000000001,0,0
92,732,33.99999999999999,0,0
92,733,12.899999999999999,0,0
92,734,63.80000000000002,0,0
92,735,201.7999999999999,0,0
92,736,401.00000000000006,0,0
92,737,221.10000000000002,0,0
92,738,427.4999999999999,0,0
92,0,0,1349.2,362.55
93,669,516.2,0,0
93,705,614.5,0,0
93,739,116.9,0,0
93,740,431.40000000000003,0,0
93,741,355.69999999999993,0,0
93,742,308.8,0,0
93,743,57.4,0,0
93,744,206.40000000000006,0,0
93,745,388.9999999999999,0,0
93,746,415.80000000000007,0,0
93,0,0,614.5,341.2100000000001
94,705,618.7999999999998,0,0
94,669,526.7999999999998,0,0
94,747,255.90000000000003,0,0
94,748,533.2,0,0
94,749,398.20000000000005,0,0
94,750,418.3,0,0
94,751,464.19999999999976,0,0
94,752,182.0,0,0
94,753,515.6,0,0
94,754,624.3000000000003,0,0
94,0,0,624.3000000000003,453.73
95,754,149.99999999999997,0,0
95,705,621.5000000000002,0,0
95,755,209.8,0,0
95,756,100.4,0,0
95,757,376.40000000000003,0,0
95,758,416.90000000000003,0,0
95,759,397.8999999999999,0,0
95,760,96.0,0,0
95,761,175.8,0,0
95,762,422.60000000000014,0,0
95,0,0,621.5000000000002,296.73000000000013
96,705,632.0000000000001,0,0
96,762,359.9,0,0
96,763,246.70000000000005,0,0
96,764,88.10000000000001,0,0
96,765,428.49999999999983,0,0
96,766,212.69999999999996,0,0
96,767,0.6,0,0
96,768,173.50000000000006,0,0
96,769,100.99999999999999,0,0
96,770,672.7999999999993,0,0
96,0,0,672.7999999999993,291.5799999999999
97,770,661.3999999999997,0,0
97,705,666.4000000000001,0,0
97,771,56.4,0,0
97,772,67.80000000000001,0,0
97,773,410.1000000000002,0,0
97,774,0.0,0,0
97,775,374.7,0,0
97,776,43.7,0,0
97,777,362.5,0,0
97,778,158.60000000000002,0,0
97,0,0,666.4000000000001,280.15999999999997
98,705,605.2000000000002,0,0
98,770,703.0000000000002,0,0
98,779,332.20000000000005,0,0
98,780,380.2999999999999,0,0
98,781,54.60000000000001,0,0
98,782,473.20000000000033,0,0
98,783,350.0,0,0
98,784,426.7999999999999,0,0
98,785,248.0,0,0
98,786,397.7999999999999,0,0
98,0,0,703.0000000000002,397.11
99,770,726.9999999999992,0,0
99,705,689.5000000000003,0,0
99,787,406.70000000000005,0,0
99,788,23.900000000000002,0,0
99,789,55.90000000000001,0,0
99,790,505.5999999999998,0,0
99,791,282.0,0,0
99,792,305.6999999999999,0,0
99,793,328.8000000000001,0,0
99,794,842.0999999999999,0,0
99,0,0,842.0999999999999,416.7199999999999
100,794,540.1000000000001,0,0
100,770,448.9000000000001,0,0
100,795,528.4999999999999,0,0
100,796,65.30000000000001,0,0
100,797,275.6,0,0
100,798,0.0,0,0
100,799,581.5999999999999,0,0
100,800,424.3000000000002,0,0
100,801,443.3999999999997,0,0
100,802,67.19999999999999,0,0
100,0,0,581.5999999999999,337.48999999999995
101,799,572.0999999999999,0,0
101,794,519.7000000000003,0,0
101,803,167.2,0,0
101,804,63.50000000000001,0,0
101,805,990.5999999999995,0,0
101,806,513.8000000000002,0,0
101,807,512.5,0,0
101,808,63.89999999999999,0,0
101,809,867.0000000000001,0,0
101,810,382.0999999999999,0,0
101,0,0,990.5999999999995,465.23999999999995
102,805,257.40000000000003,0,0
102,809,379.2000000000001,0,0
102,811,520.2,0,0
102,812,416.99999999999994,0,0
102,813,412.69999999999993,0,0
102,814,26.700000000000003,0,0
102,815,408.00000000000006,0,0
102,816,416.99999999999994,0,0
102,817,59.9,0,0
102,818,201.60000000000002,0,0
102,0,0,520.2,309.97
103,811,310.59999999999997,0,0
103,812,408.4000000000001,0,0
103,819,372.20000000000005,0,0
103,820,403.60000000000025,0,0
103,821,371.7,0,0
103,822,66.2,0,0
103,823,424.90000000000003,0,0
103,824,417.8,0,0
103,825,393.70000000000005,0,0
103,826,430.8999999999998,0,0
103,0,0,430.8999999999998,360.0
104,826,421.80000000000007,0,0
104,823,405.29999999999995,0,0
104,827,409.2,0,0
104,828,342.29999999999995,0,0
104,829,380.09999999999997,0,0
104,830,391.4,0,0
104,831,423.8,0,0
104,832,411.99999999999983,0,0
104,833,401.9999999999999,0,0
104,834,392.0,0,0
104,0,0,423.8,397.99
105,831,425.20000000000005,0,0
105,826,410.20000000000005,0,0
105,835,340.69999999999993,0,0
105,836,89.70000000000002,0,0
105,837,629.5999999999997,0,0
105,838,57.70000000000001,0,0
105,839,63.79999999999999,0,0
105,840,95.3,0,0
105,841,422.50000000000006,0,0
105,842,422.9999999999999,0,0
105,0,0,629.5999999999997,295.77
106,837,169.5,0,0
106,831,425.10000000000014,0,0
106,843,240.20000000000005,0,0
106,844,372.6,0,0
106,845,394.3,0,0
106,846,419.3,0,0
106,847,412.79999999999995,0,0
106,848,421.79999999999995,0,0
106,849,384.5,0,0
106,850,380.2,0,0
106,0,0,425.10000000000014,362.03000000000003
107,831,414.5,0,0
107,848,426.40000000000003,0,0
107,851,433.6999999999999,0,0
107,852,142.50000000000003,0,0
107,853,419.20000000000005,0,0
107,854,422.2000000000002,0,0
107,855,420.9999999999997,0,0
107,856,296.2999999999999,0,0
107,857,351.5,0,0
107,858,426.3999999999999,0,0
107,0,0,433.6999999999999,375.36999999999995
108,851,392.99999999999994,0,0
108,848,408.1999999999999,0,0
108,859,375.50000000000006,0,0
108,860,403.1,0,0
108,861,336.5,0,0
108,862,374.0,0,0
108,863,388.09999999999997,0,0
108,864,406.99999999999983,0,0
108,865,255.70000000000005,0,0
108,866,417.6,0,0
108,0,0,417.6,375.86999999999995
109,866,392.8,0,0
109,848,426.5000000000001,0,0
109,867,418.9,0,0
109,868,422.5,0,0
109,869,414.6,0,0
109,870,426.3000000000001,0,0
109,871,427.9000000000001,0,0
109,872,415.7999999999999,0,0
109,873,319.49999999999994,0,0
109,874,409.40000000000003,0,0
109,0,0,427.9000000000001,407.42
110,871,412.6000000000001,0,0
110,848,403.09999999999974,0,0
110,875,122.79999999999998,0,0
110,876,419.60000000000014,0,0
110,877,423.80000000000007,0,0
110,878,430.3,0,0
110,879,373.8000000000001,0,0
110,880,406.90000000000015,0,0
110,881,374.2999999999999,0,0
110,882,424.70000000000016,0,0
110,0,0,430.3,379.19000000000005
111,878,411.7999999999999,0,0
111,882,408.79999999999995,0,0
111,883,738.5,0,0
111,884,420.7999999999999,0,0
111,885,444.20000000000016,0,0
111,886,426.6999999999999,0,0
111,887,405.09999999999997,0,0
111,888,400.7999999999999,0,0
111,889,355.60000000000014,0,0
111,890,0.0,0,0
111,0,0,738.5,401.2299999999999
112,883,533.4999999999998,0,0
112,885,434.9,0,0
112,891,370.1999999999997,0,0
112,892,409.3999999999999,0,0
112,893,588.0000000000001,0,0
112,894,416.1999999999998,0,0
112,895,1035.8000000000004,0,0
112,896,431.6,0,0
112,897,396.89999999999986,0,0
112,898,412.6000000000001,0,0
112,0,0,1035.8000000000004,502.91
113,895,1078.6,0,0
113,893,95.60000000000001,0,0
113,899,248.89999999999998,0,0
113,900,413.4999999999999,0,0
113,901,402.4,0,0
113,902,426.7,0,0
113,903,347.40000000000003,0,0
113,904,60.1,0,0
113,905,1066.7999999999997,0,0
113,906,399.5,0,0
113,0,0,1078.6,453.95
114,895,407.40000000000003,0,0
114,905,361.60000000000014,0,0
114,907,61.5,0,0
114,908,410.7,0,0
114,909,369.7,0,0
114,910,1049.4999999999998,0,0
114,911,101.7,0,0
114,912,53.99999999999999,0,0
114,913,412.90000000000003,0,0
114,914,330.9000000000002,0,0
114,0,0,1049.4999999999998,355.99
115,910,1010.1999999999994,0,0
115,913,418.4000000000001,0,0
115,915,459.59999999999997,0,0
115,916,410.6,0,0
115,917,421.70000000000005,0,0
115,918,412.49999999999994,0,0
115,919,617.4999999999999,0,0
115,920,423.7,0,0
115,921,424.29999999999995,0,0
115,922,374.7000000000001,0,0
115,0,0,1010.1999999999994,497.3199999999999
116,910,1027.6000000000004,0,0
116,919,613.6999999999997,0,0
116,923,420.6000000000001,0,0
116,924,369.1999999999997,0,0
116,925,54.9,0,0
116,926,324.8,0,0
116,927,302.40000000000003,0,0
116,928,309.49999999999983,0,0
116,929,51.5,0,0
116,930,268.1000000000002,0,0
116,0,0,1027.6000000000004,374.2300000000001
117,910,420.39999999999986,0,0
117,919,1048.7999999999993,0,0
117,931,343.4000000000002,0,0
117,932,291.29999999999995,0,0
117,933,412.59999999999985,0,0
117,934,402.00000000000006,0,0
117,935,622.3,0,0
117,936,405.20000000000005,0,0
117,937,219.59999999999997,0,0
117,938,179.39999999999995,0,0
117,0,0,1048.7999999999993,434.4999999999999
118,919,1046.3999999999994,0,0
118,935,375.2,0,0
118,939,467.5,0,0
118,940,401.8,0,0
118,941,539.4999999999999,0,0
118,942,123.4,0,0
118,943,73.5,0,0
118,944,446.9000000000001,0,0
118,945,485.89999999999986,0,0
118,946,423.7,0,0
118,0,0,1046.3999999999994,438.37999999999994
119,919,407.9,0,0
119,941,537.1999999999997,0,0
119,947,377.3,0,0
119,948,441.5,0,0
119,949,331.8000000000001,0,0
119,950,397.6999999999999,0,0
119,951,431.19999999999993,0,0
119,952,386.20000000000016,0,0
119,953,366.1000000000001,0,0
119,954,0.0,0,0
119,0,0,537.1999999999997,367.68999999999994
120,941,380.79999999999984,0,0
120,948,393.4,0,0
120,955,20.3,0,0
120,956,423.4000000000001,0,0
120,957,418.79999999999995,0,0
120,958,365.79999999999995,0,0
120,959,428.40000000000015,0,0
120,960,385.5999999999999,0,0
120,961,416.00000000000006,0,0
120,962,195.2,0,0
120,0,0,428.40000000000015,342.77
121,959,411.39999999999986,0,0
121,956,421.30000000000007,0,0
121,963,409.5,0,0
121,964,379.59999999999997,0,0
121,965,409.00000000000006,0,0
121,966,329.6000000000002,0,0
121,967,415.59999999999997,0,0
121,968,418.0,0,0
121,969,340.3000000000002,0,0
121,970,403.0000000000001,0,0
121,0,0,421.30000000000007,393.73
122,956,398.99999999999983,0,0
122,968,411.70000000000016,0,0
122,971,332.1,0,0
122,972,407.0999999999999,0,0
122,973,278.50000000000006,0,0
122,974,389.3,0,0
122,975,403.9,0,0
122,976,413.69999999999993,0,0
122,977,598.0,0,0
122,978,317.79999999999995,0,0
122,0,0,598.0,395.11
123,977,363.1999999999999,0,0
123,976,419.0999999999999,0,0
123,979,417.80000000000007,0,0
123,980,421.29999999999995,0,0
123,981,378.4,0,0
123,982,435.6000000000001,0,0
123,983,351.9,0,0
123,984,66.6,0,0
123,985,615.1000000000003,0,0
123,986,419.3000000000001,0,0
123,0,0,615.1000000000003,388.83000000000004
124,985,316.50000000000006,0,0
124,982,400.59999999999997,0,0
124,987,430.5,0,0
124,988,421.6000000000002,0,0
124,989,420.20000000000016,0,0
124,990,422.0000000000002,0,0
124,991,424.4000000000001,0,0
124,992,51.60000000000001,0,0
124,993,424.79999999999995,0,0
124,994,445.7000000000001,0,0
124,0,0,445.7000000000001,375.7900000000001
125,994,204.40000000000003,0,0
125,987,415.5999999999999,0,0
125,995,185.1,0,0
125,996,396.8000000000001,0,0
125,997,394.20000000000005,0,0
125,998,386.99999999999994,0,0
125,999,43.6,0,0
125,1000,274.5,0,0
125,1001,383.2,0,0
125,1002,430.3999999999999,0,0
125,0,0,430.3999999999999,311.47999999999996
126,1002,404.49999999999994,0,0
126,987,419.9,0,0
126,1003,370.19999999999993,0,0
126,1004,324.0,0,0
126,1005,419.1000000000001,0,0
126,1006,414.30000000000007,0,0
126,1007,421.99999999999994,0,0
126,1008,425.59999999999997,0,0
126,1009,248.60000000000002,0,0
126,1010,415.90000000000003,0,0
126,0,0,425.59999999999997,386.40999999999997
127,1008,435.8000000000002,0,0
127,1007,446.30000000000007,0,0
127,1011,511.8000000000001,0,0
127,1012,122.9,0,0
127,1013,654.9999999999998,0,0
127,1014,388.90000000000015,0,0
127,1015,431.80000000000007,0,0
127,1016,450.1999999999998,0,0
127,1017,378.70000000000005,0,0
127,1018,418.09999999999997,0,0
127,0,0,654.9999999999998,423.9500000000001
128,1013,680.2999999999998,0,0
128,1011,625.9,0,0
128,1019,198.8,0,0
128,1020,426.8,0,0
128,1021,422.5999999999999,0,0
128,1022,32.800000000000004,0,0
128,1023,417.69999999999993,0,0
128,1024,397.7999999999999,0,0
128,1025,591.2000000000002,0,0
128,1026,138.80000000000004,0,0
128,0,0,680.2999999999998,393.27
129,1013,680.4999999999997,0,0
129,1011,572.1999999999998,0,0
129,1027,291.2,0,0
129,1028,428.5,0,0
129,1029,0.0,0,0
129,1030,0.0,0,0
129,1031,0.8,0,0
129,1032,140.6,0,0
129,1033,358.1000000000001,0,0
129,1034,92.39999999999998,0,0
129,0,0,680.4999999999997,256.42999999999995
130,1013,667.3,0,0
130,1011,425.09999999999997,0,0
130,1035,0.0,0,0
130,1036,388.60000000000014,0,0
130,1037,373.29999999999995,0,0
130,1038,395.89999999999975,0,0
130,1039,695.4,0,0
130,1040,4.7,0,0
130,1041,380.1000000000002,0,0
130,1042,0.0,0,0
130,0,0,695.4,333.04
131,1039,678.2,0,0
131,1013,689.1999999999996,0,0
131,1043,390.69999999999993,0,0
131,1044,366.9999999999999,0,0
131,1045,288.8,0,0
131,1046,153.1,0,0
131,1047,424.50000000000006,0,0
131,1048,406.40000000000003,0,0
131,1049,424.7,0,0
131,1050,423.8000000000001,0,0
131,0,0,689.1999999999996,424.64
132,1013,427.70000000000005,0,0
132,1039,682.4999999999998,0,0
132,1051,285.8000000000002,0,0
132,1052,398.5000000000003,0,0
132,1053,417.49999999999994,0,0
132,1054,392.6,0,0
132,1055,384.00000000000006,0,0
132,1056,579.2,0,0
132,1057,312.4999999999999,0,0
132,1058,414.0,0,0
132,0,0,682.4999999999998,429.43
133,1039,664.1000000000001,0,0
133,1056,211.5,0,0
133,1059,423.2,0,0
133,1060,602.5999999999998,0,0
133,1061,467.4999999999999,0,0
133,1062,14.2,0,0
133,1063,347.1999999999997,0,0
133,1064,300.0999999999999,0,0
133,1065,426.7000000000001,0,0
133,1066,315.7000000000001,0,0
133,0,0,664.1000000000001,377.28000000000003
134,1039,697.9000000000002,0,0
134,1060,425.09999999999985,0,0
134,1067,425.80000000000007,0,0
134,1068,426.29999999999984,0,0
134,1069,452.6000000000001,0,0
134,1070,398.20000000000005,0,0
134,1071,251.70000000000005,0,0
134,1072,33.3,0,0
134,1073,403.1,0,0
134,1074,965.2999999999997,0,0
134,0,0,965.2999999999997,447.92999999999995
135,1074,407.79999999999995,0,0
135,1039,648.2,0,0
135,1075,328.8,0,0
135,1076,370.69999999999993,0,0
135,1077,323.39999999999975,0,0
135,1078,403.60000000000014,0,0
135,1079,123.50000000000001,0,0
135,1080,413.89999999999975,0,0
135,1081,268.1,0,0
135,1082,473.9000000000001,0,0
135,0,0,648.2,376.18999999999994
136,1039,710.4999999999999,0,0
136,1082,580.4,0,0
136,1083,65.0,0,0
136,1084,382.80000000000007,0,0
136,1085,433.9999999999999,0,0
136,1086,56.89999999999999,0,0
136,1087,420.2000000000001,0,0
136,1088,421.7999999999999,0,0
136,1089,2.1,0,0
136,1090,407.5,0,0
136,0,0,710.4999999999999,348.12
137,1039,672.7999999999997,0,0
137,1082,545.3999999999999,0,0
137,1091,383.1999999999999,0,0
137,1092,422.8999999999999,0,0
137,1093,46.79999999999999,0,0
137,1094,426.3999999999998,0,0
137,1095,381.5000000000003,0,0
137,1096,429.0999999999999,0,0
137,1097,122.80000000000001,0,0
137,1098,310.1000000000001,0,0
137,0,0,672.7999999999997,374.09999999999997
138,1039,679.8999999999997,0,0
138,1082,455.4,0,0
138,1099,417.4000000000001,0,0
138,1100,0.0,0,0
138,1101,292.99999999999994,0,0
138,1102,0.0,0,0
138,1103,278.2,0,0
138,1104,401.3000000000001,0,0
138,1105,307.30000000000007,0,0
138,1106,69.2,0,0
138,0,0,679.8999999999997,290.16999999999996
139,1039,683.0999999999998,0,0
139,1082,307.7999999999999,0,0
139,1107,406.1,0,0
139,1108,336.59999999999997,0,0
139,1109,409.29999999999995,0,0
139,1110,408.59999999999997,0,0
139,1111,293.9000000000001,0,0
139,1112,391.1000000000001,0,0
139,1113,142.20000000000002,0,0
139,1114,155.79999999999998,0,0
139,0,0,683.0999999999998,353.44999999999993
140,1039,699.1999999999998,0,0
140,1109,429.3,0,0
140,1115,239.70000000000007,0,0
140,1116,352.8999999999999,0,0
140,1117,320.59999999999997,0,0
140,1118,59.400000000000006,0,0
140,1119,126.9,0,0
140,1120,417.7,0,0
140,1121,416.19999999999993,0,0
140,1122,255.49999999999994,0,0
140,0,0,699.1999999999998,331.7399999999999
141,1039,413.9,0,0
141,1109,428.09999999999997,0,0
141,1123,311.5999999999999,0,0
141,1124,137.79999999999998,0,0
141,1125,267.2,0,0
141,1126,401.6999999999999,0,0
141,1127,58.400000000000006,0,0
141,1128,118.90000000000002,0,0
141,1129,403.3,0,0
141,1130,631.7,0,0
141,0,0,631.7,317.26000000000005
142,1130,366.60000000000014,0,0
142,1109,383.9,0,0
142,1131,413.1999999999999,0,0
142,1132,984.7000000000004,0,0
142,1133,260.0,0,0
142,1134,1017.2999999999994,0,0
142,1135,370.90000000000015,0,0
142,1136,261.50000000000006,0,0
142,1137,375.49999999999994,0,0
142,1138,144.79999999999998,0,0
142,0,0,1017.2999999999994,457.84
143,1134,397.29999999999995,0,0
143,1132,300.3999999999999,0,0
143,1139,454.2999999999999,0,0
143,1140,330.60000000000014,0,0
143,1141,59.90000000000001,0,0
143,1142,522.7000000000002,0,0
143,1143,895.9,0,0
143,1144,41.5,0,0
143,1145,53.1,0,0
143,1146,17.099999999999998,0,0
143,0,0,895.9,307.28000000000003
144,1143,160.0,0,0
144,1142,111.69999999999999,0,0
144,1147,329.69999999999993,0,0
144,1148,75.7,0,0
144,1149,32.300000000000004,0,0
144,1150,410.60000000000014,0,0
144,1151,292.6000000000001,0,0
144,1152,133.2,0,0
144,1153,332.09999999999997,0,0
144,1154,206.79999999999995,0,0
144,0,0,410.60000000000014,208.46999999999997
145,1150,418.6,0,0
145,1153,541.4000000000001,0,0
145,1155,408.19999999999993,0,0
145,1156,408.29999999999995,0,0
145,1157,398.80000000000007,0,0
145,1158,382.30000000000007,0,0
145,1159,290.99999999999994,0,0
145,1160,393.4999999999999,0,0
145,1161,127.30000000000001,0,0
145,1162,125.09999999999998,0,0
145,0,0,541.4000000000001,349.45000000000005
146,1153,291.8,0,0
146,1150,370.3,0,0
146,1163,524.0,0,0
146,1164,421.4999999999999,0,0
146,1165,396.2000000000001,0,0
146,1166,364.1999999999999,0,0
146,1167,643.3,0,0
146,1168,60.500000000000014,0,0
146,1169,76.9,0,0
146,1170,59.79999999999999,0,0
146,0,0,643.3,320.85
147,1167,540.6000000000001,0,0
147,1163,223.50000000000009,0,0
147,1171,186.29999999999998,0,0
147,1172,1.0,0,0
147,1173,483.3999999999999,0,0
147,1174,181.99999999999994,0,0
147,1175,366.2999999999998,0,0
147,1176,31.400000000000002,0,0
147,1177,205.59999999999997,0,0
147,1178,238.79999999999995,0,0
147,0,0,540.6000000000001,245.88999999999996
148,1167,535.0,0,0
148,1173,397.4000000000001,0,0
148,1179,632.5999999999999,0,0
148,1180,403.3999999999999,0,0
148,1181,500.40000000000003,0,0
148,1182,416.30000000000007,0,0
148,1183,370.2999999999999,0,0
148,1184,37.900000000000006,0,0
148,1185,410.90000000000015,0,0
148,1186,376.4000000000001,0,0
148,0,0,632.5999999999999,408.06
149,1179,128.29999999999998,0,0
149,1167,635.6999999999992,0,0
149,1187,453.1999999999999,0,0
149,1188,67.8,0,0
149,1189,131.30000000000004,0,0
149,1190,155.40000000000003,0,0
149,1191,60.099999999999994,0,0
149,1192,8.6,0,0
149,1193,158.99999999999997,0,0
149,1194,108.0,0,0
149,0,0,635.6999999999992,190.7399999999999
150,1167,881.7999999999995,0,0
150,1187,536.2999999999996,0,0
150,1195,397.7000000000001,0,0
150,1196,635.4999999999999,0,0
150,1197,216.70000000000005,0,0
150,1198,146.39999999999998,0,0
150,1199,319.79999999999995,0,0
150,1200,392.6000000000001,0,0
150,1201,736.9000000000002,0,0
150,1202,68.6,0,0
150,0,0,881.7999999999995,433.2299999999999
151,1167,256.00000000000006,0,0
151,1201,375.69999999999993,0,0
151,1203,377.70000000000005,0,0
151,1204,419.0999999999999,0,0
151,1205,78.79999999999998,0,0
151,1206,324.6999999999999,0,0
151,1207,0.0,0,0
151,1208,149.5,0,0
151,1209,464.0000000000001,0,0
151,1210,86.70000000000002,0,0
151,0,0,464.0000000000001,253.21999999999997
152,1209,330.9999999999999,0,0
152,1204,408.09999999999985,0,0
152,1211,431.6,0,0
152,1212,417.8,0,0
152,1213,315.7000000000001,0,0
152,1214,426.09999999999997,0,0
152,1215,76.29999999999998,0,0
152,1216,432.5,0,0
152,1217,281.6,0,0
152,1218,363.2,0,0
152,0,0,432.5,348.39
153,1216,424.6999999999999,0,0
153,1211,421.99999999999994,0,0
153,1219,394.80000000000007,0,0
153,1220,140.4,0,0
153,1221,421.2000000000001,0,0
153,1222,146.29999999999998,0,0
153,1223,420.00000000000006,0,0
153,1224,143.5,0,0
153,1225,868.8999999999992,0,0
153,1226,417.99999999999994,0,0
153,0,0,868.8999999999992,379.9799999999999
154,1225,393.6999999999999,0,0
154,1216,439.50000000000006,0,0
154,1227,284.90000000000003,0,0
154,1228,190.20000000000002,0,0
154,1229,294.49999999999994,0,0
154,1230,403.5,0,0
154,1231,0.0,0,0
154,1232,58.300000000000004,0,0
154,1233,417.0999999999999,0,0
154,1234,421.10000000000014,0,0
154,0,0,439.50000000000006,290.28000000000003
155,1216,410.1999999999999,0,0
155,1234,412.2000000000001,0,0
155,1235,425.00000000000006,0,0
155,1236,422.2000000000001,0,0
155,1237,280.6,0,0
155,1238,172.7,0,0
155,1239,161.40000000000003,0,0
155,1240,350.8,0,0
155,1241,420.80000000000007,0,0
155,1242,422.0,0,0
155,0,0,425.00000000000006,347.7900000000001
156,1235,404.59999999999997,0,0
156,1236,393.00000000000006,0,0
156,1243,122.69999999999999,0,0
156,1244,419.8000000000002,0,0
156,1245,116.1,0,0
156,1246,418.20000000000005,0,0
156,1247,132.9,0,0
156,1248,418.59999999999985,0,0
156,1249,409.29999999999984,0,0
156,1250,426.2,0,0
156,0,0,426.2,326.14
157,1250,418.4999999999999,0,0
157,1244,403.79999999999995,0,0
157,1251,401.0999999999998,0,0
157,1252,133.8,0,0
157,1253,439.9000000000001,0,0
157,1254,123.60000000000002,0,0
157,1255,359.69999999999976,0,0
157,1256,421.4,0,0
157,1257,419.9,0,0
157,1258,411.19999999999993,0,0
157,0,0,439.9000000000001,353.28999999999996
158,1253,422.19999999999993,0,0
158,1256,416.5,0,0
158,1259,428.69999999999993,0,0
158,1260,378.5999999999999,0,0
158,1261,417.40000000000015,0,0
158,1262,408.70000000000005,0,0
158,1263,389.3000000000001,0,0
158,1264,406.7,0,0
158,1265,291.9000000000001,0,0
158,1266,416.2,0,0
158,0,0,428.69999999999993,397.62
159,1259,396.2999999999998,0,0
159,1253,430.7,0,0
159,1267,144.6,0,0
159,1268,408.9,0,0
159,1269,37.599999999999994,0,0
159,1270,433.6000000000001,0,0
159,1271,407.0,0,0
159,1272,414.79999999999995,0,0
159,1273,401.79999999999984,0,0
159,1274,405.70000000000005,0,0
159,0,0,433.6000000000001,348.1
160,1270,499.8999999999999,0,0
160,1253,385.49999999999994,0,0
160,1275,428.9999999999999,0,0
160,1276,260.7,0,0
160,1277,99.60000000000002,0,0
160,1278,483.79999999999995,0,0
160,1279,0.8,0,0
160,1280,189.9,0,0
160,1281,410.40000000000003,0,0
160,1282,332.3,0,0
160,0,0,499.8999999999999,309.19000000000005
161,1270,438.79999999999995,0,0
161,1278,457.19999999999976,0,0
161,1283,176.4,0,0
161,1284,161.00000000000009,0,0
161,1285,74.1,0,0
161,1286,62.300000000000004,0,0
161,1287,735.3999999999999,0,0
161,1288,100.1,0,0
161,1289,407.59999999999997,0,0
161,1290,87.00000000000001,0,0
161,0,0,735.3999999999999,269.98999999999995
162,1287,490.4,0,0
162,1278,114.69999999999999,0,0
162,1291,414.6999999999999,0,0
162,1292,346.2999999999999,0,0
162,1293,128.60000000000002,0,0
162,1294,162.30000000000004,0,0
162,1295,308.69999999999993,0,0
162,1296,425.29999999999995,0,0
162,1297,416.00000000000006,0,0
162,1298,418.89999999999986,0,0
162,0,0,490.4,322.59
163,1287,175.30000000000007,0,0
163,1296,272.20000000000005,0,0
163,1299,62.50000000000001,0,0
163,1300,356.19999999999993,0,0
163,1301,125.60000000000001,0,0
163,1302,676.4999999999993,0,0
163,1303,415.59999999999985,0,0
163,1304,135.20000000000002,0,0
163,1305,141.0,0,0
163,1306,314.2,0,0
163,0,0,676.4999999999993,267.4299999999999
164,1302,486.10000000000014,0,0
164,1303,373.9999999999999,0,0
164,1307,424.59999999999997,0,0
164,1308,379.29999999999995,0,0
164,1309,319.70000000000005,0,0
164,1310,55.200000000000024,0,0
164,1311,306.6999999999999,0,0
164,1312,381.3000000000001,0,0
164,1313,266.3,0,0
164,1314,236.99999999999997,0,0
164,0,0,486.10000000000014,323.02000000000004
165,1302,409.8,0,0
165,1307,413.9,0,0
165,1315,325.5999999999999,0,0
165,1316,421.00000000000006,0,0
165,1317,349.1,0,0
165,1318,400.6,0,0
165,1319,433.1999999999999,0,0
165,1320,368.7,0,0
165,1321,485.6000000000002,0,0
165,1322,415.2,0,0
165,0,0,485.6000000000002,402.27
166,1321,553.0000000000002,0,0
166,1319,401.79999999999995,0,0
166,1323,0.8,0,0
166,1324,163.89999999999998,0,0
166,1325,41.4,0,0
166,1326,521.5,0,0
166,1327,32.7,0,0
166,1328,334.8,0,0
166,1329,404.40000000000003,0,0
166,1330,294.29999999999995,0,0
166,0,0,553.0000000000002,274.86
167,1321,602.4999999999999,0,0
167,1326,344.6000000000001,0,0
167,1331,32.9,0,0
167,1332,96.1,0,0
167,1333,427.6,0,0
167,1334,63.599999999999994,0,0
167,1335,334.2999999999999,0,0
167,1336,165.40000000000006,0,0
167,1337,424.8,0,0
167,1338,373.8999999999999,0,0
167,0,0,602.4999999999999,286.57
168,1321,199.2,0,0
168,1333,430.79999999999995,0,0
168,1339,48.59999999999999,0,0
168,1340,0.0,0,0
168,1341,159.39999999999998,0,0
168,1342,158.59999999999997,0,0
168,1343,104.99999999999999,0,0
168,1344,147.49999999999997,0,0
168,1345,227.10000000000002,0,0
168,1346,117.39999999999999,0,0
168,0,0,430.79999999999995,159.35999999999999
169,1333,375.79999999999995,0,0
169,1345,168.7,0,0
169,1347,116.6,0,0
169,1348,351.2000000000001,0,0
169,1349,65.89999999999999,0,0
169,1350,0.0,0,0
169,1351,0.0,0,0
169,1352,23.800000000000004,0,0
169,1353,89.50000000000003,0,0
169,1354,0.0,0,0
169,0,0,375.79999999999995,119.15000000000002
170,1333,348.19999999999993,0,0
170,1348,546.9,0,0
170,1355,145.7,0,0
170,1356,420.0000000000001,0,0
170,1357,121.29999999999995,0,0
170,1358,439.1,0,0
170,1359,661.8000000000001,0,0
170,1360,0.8,0,0
170,1361,46.1,0,0
170,1362,0.0,0,0
170,0,0,661.8000000000001,272.99000000000007
171,1359,688.8000000000002,0,0
171,1348,91.4,0,0
171,1363,22.999999999999996,0,0
171,1364,36.199999999999996,0,0
171,1365,364.6999999999998,0,0
171,1366,417.99999999999994,0,0
171,1367,276.20000000000005,0,0
171,1368,404.80000000000007,0,0
171,1369,574.5000000000001,0,0
171,1370,122.5,0,0
171,0,0,688.8000000000002,300.01
172,1359,354.4,0,0
172,1369,203.59999999999997,0,0
172,1371,133.9,0,0
172,1372,374.39999999999986,0,0
172,1373,397.9,0,0
172,1374,168.5,0,0
172,1375,409.9000000000001,0,0
172,1376,11.7,0,0
172,1377,35.5,0,0
172,1378,0.8,0,0
172,0,0,409.9000000000001,209.06
173,1375,421.9999999999999,0,0
173,1373,416.6,0,0
173,1379,158.60000000000005,0,0
173,1380,393.2999999999998,0,0
173,1381,642.6999999999994,0,0
173,1382,155.60000000000002,0,0
173,1383,418.20000000000016,0,0
173,1384,587.5000000000001,0,0
173,1385,439.1,0,0
173,1386,396.1999999999997,0,0
173,0,0,642.6999999999994,402.9799999999999
174,1381,734.9999999999995,0,0
174,1384,270.2,0,0
174,1387,122.39999999999999,0,0
174,1388,761.7000000000002,0,0
174,1389,4.800000000000001,0,0
174,1390,423.70000000000016,0,0
174,1391,388.0999999999999,0,0
174,1392,293.59999999999985,0,0
174,1393,43.099999999999994,0,0
174,1394,323.5999999999999,0,0
174,0,0,761.7000000000002,336.61999999999995
175,1388,449.8,0,0
175,1381,180.60000000000008,0,0
175,1395,112.10000000000002,0,0
175,1396,399.10000000000014,0,0
175,1397,57.400000000000006,0,0
175,1398,267.69999999999993,0,0
175,1399,0.0,0,0
175,1400,39.69999999999999,0,0
175,1401,383.3999999999999,0,0
175,1402,390.3999999999999,0,0
175,0,0,449.8,228.02000000000004
176,1388,321.1,0,0
176,1396,406.80000000000007,0,0
176,1403,194.00000000000003,0,0
176,1404,413.10000000000014,0,0
176,1405,24.4,0,0
176,1406,151.9,0,0
176,1407,152.29999999999998,0,0
176,1408,26.700000000000003,0,0
176,1409,255.1,0,0
176,1410,385.59999999999997,0,0
176,0,0,413.10000000000014,233.10000000000005
177,1404,425.4,0,0
177,1396,430.8999999999999,0,0
177,1411,381.3000000000003,0,0
177,1412,161.90000000000006,0,0
177,1413,79.6,0,0
177,1414,1075.9999999999993,0,0
177,1415,65.2,0,0
177,1416,402.5,0,0
177,1417,115.5,0,0
177,1418,414.70000000000005,0,0
177,0,0,1075.9999999999993,355.2999999999999
178,1414,869.1999999999997,0,0
178,1396,423.0,0,0
178,1419,101.10000000000001,0,0
178,1420,458.3,0,0
178,1421,483.59999999999997,0,0
178,1422,321.69999999999993,0,0
178,1423,422.9999999999999,0,0
178,1424,153.99999999999997,0,0
178,1425,141.8,0,0
178,1426,124.6,0,0
178,0,0,869.1999999999997,350.03
179,1414,853.8999999999995,0,0
179,1421,413.2999999999999,0,0
179,1427,147.80000000000004,0,0
179,1428,101.2,0,0
179,1429,415.6000000000001,0,0
179,1430,608.8999999999999,0,0
179,1431,0.0,0,0
179,1432,12.799999999999999,0,0
179,1433,43.500000000000014,0,0
179,1434,390.30000000000007,0,0
179,0,0,853.8999999999995,298.72999999999996
180,1414,381.9999999999998,0,0
180,1430,274.3000000000001,0,0
180,1435,149.8,0,0
180,1436,405.2000000000001,0,0
180,1437,27.699999999999996,0,0
180,1438,930.1999999999995,0,0
180,1439,0.0,0,0
180,1440,276.2,0,0
180,1441,257.40000000000003,0,0
180,1442,115.9,0,0
180,0,0,930.1999999999995,281.86999999999995
181,1438,271.49999999999994,0,0
181,1436,416.0,0,0
181,1443,421.8,0,0
181,1444,550.8000000000001,0,0
181,1445,422.09999999999985,0,0
181,1446,70.4,0,0
181,1447,409.90000000000003,0,0
181,1448,347.9,0,0
181,1449,45.10000000000001,0,0
181,1450,371.7,0,0
181,0,0,550.8000000000001,332.71999999999997
182,1444,114.6,0,0
182,1445,286.20000000000005,0,0
182,1451,395.3000000000001,0,0
182,1452,100.6,0,0
182,1453,135.29999999999995,0,0
182,1454,0.0,0,0
182,1455,86.60000000000001,0,0
182,1456,60.39999999999999,0,0
182,1457,23.4,0,0
182,1458,361.5000000000001,0,0
182,0,0,395.3000000000001,156.39000000000001
183,1451,438.9,0,0
183,1458,382.2,0,0
183,1459,567.9,0,0
183,1460,25.200000000000003,0,0
183,1461,0.0,0,0
183,1462,403.7999999999999,0,0
183,1463,784.6999999999997,0,0
183,1464,423.59999999999997,0,0
183,1465,368.40000000000015,0,0
183,1466,432.0,0,0
183,0,0,784.6999999999997,382.66999999999996
184,1463,168.49999999999997,0,0
184,1459,58.599999999999994,0,0
184,1467,124.89999999999999,0,0
184,1468,392.1,0,0
184,1469,31.300000000000008,0,0
184,1470,360.5999999999999,0,0
184,1471,310.90000000000003,0,0
184,1472,423.2000000000001,0,0
184,1473,26.9,0,0
184,1474,25.199999999999996,0,0
184,0,0,423.2000000000001,192.22
185,1472,409.40000000000003,0,0
185,1468,419.2000000000001,0,0
185,1475,152.79999999999998,0,0
185,1476,242.80000000000007,0,0
185,1477,395.49999999999994,0,0
185,1478,106.10000000000001,0,0
185,1479,323.7,0,0
185,1480,372.8,0,0
185,1481,400.79999999999995,0,0
185,1482,312.09999999999985,0,0
185,0,0,419.2000000000001,313.52000000000004
186,1468,415.3000000000001,0,0
186,1472,399.99999999999994,0,0
186,1483,193.40000000000003,0,0
186,1484,273.3,0,0
186,1485,387.5,0,0
186,1486,267.6000000000001,0,0
186,1487,352.0000000000003,0,0
186,1488,325.6000000000001,0,0
186,1489,210.5,0,0
186,1490,378.8999999999999,0,0
186,0,0,415.3000000000001,320.41
187,1468,416.70000000000005,0,0
187,1472,399.1,0,0
187,1491,414.7,0,0
187,1492,302.7,0,0
187,1493,277.09999999999985,0,0
187,1494,205.49999999999994,0,0
187,1495,347.7,0,0
187,1496,402.8,0,0
